{
    "qc_stats": {
        "total_bp": 9764471,
        "coverage": 27.2566,
        "read_total": 96680,
        "read_min": 64,
        "read_mean": 100.998,
        "read_std": 0.151757,
        "read_median": 101,
        "read_max": 101,
        "read_25th": 101,
        "read_75th": 101,
        "qual_min": 16,
        "qual_mean": 35.9186,
        "qual_std": 2.81886,
        "qual_max": 39,
        "qual_median": 37,
        "qual_25th": 35,
        "qual_75th": 38
    },
    "read_lengths": {
        "64": 1,
        "65": 0,        "66": 0,        "67": 0,        "68": 0,        "69": 0,
        "70": 0,        "71": 0,        "72": 0,        "73": 0,        "74": 0,
        "75": 0,        "76": 0,        "77": 0,        "78": 0,        "79": 0,
        "80": 0,        "81": 0,        "82": 0,        "83": 0,        "84": 0,
        "85": 0,        "86": 0,        "87": 0,        "88": 0,        "89": 0,
        "90": 0,        "91": 0,        "92": 0,        "93": 0,        "94": 0,
        "95": 10,        "96": 13,        "97": 8,        "98": 5,        "99": 0,
        "100": 0,        "101": 96643
    },
    "per_base_quality": {
        "1": 32.7759,        "2": 32.973,        "3": 33.0626,        "4": 36.4652,        "5": 36.3979,
        "6": 36.3915,        "7": 36.3799,        "8": 36.3712,        "9": 38.1846,        "10": 38.1657,
        "11": 38.1469,        "12": 38.1323,        "13": 38.113,        "14": 39.637,        "15": 39.6104,
        "16": 39.5847,        "17": 39.5384,        "18": 39.5107,        "19": 39.5349,        "20": 39.5149,
        "21": 39.4779,        "22": 39.4396,        "23": 39.3994,        "24": 39.3657,        "25": 39.3054,
        "26": 39.397,        "27": 39.389,        "28": 39.3661,        "29": 39.3581,        "30": 39.3245,
        "31": 39.2838,        "32": 39.2533,        "33": 39.2164,        "34": 39.1689,        "35": 39.1378,
        "36": 39.0952,        "37": 39.0502,        "38": 38.9949,        "39": 38.9491,        "40": 39.0067,
        "41": 39.0197,        "42": 39.0093,        "43": 38.9709,        "44": 38.9376,        "45": 38.859,
        "46": 38.8049,        "47": 38.7444,        "48": 38.6725,        "49": 38.5925,        "50": 38.5004,
        "51": 38.4032,        "52": 38.2871,        "53": 38.1663,        "54": 38.084,        "55": 37.9634,
        "56": 37.8456,        "57": 37.6777,        "58": 37.5343,        "59": 37.3646,        "60": 37.235,
        "61": 37.0696,        "62": 36.906,        "63": 36.7378,        "64": 36.5513,        "65": 36.3587,
        "66": 36.1704,        "67": 35.9346,        "68": 35.7723,        "69": 35.5471,        "70": 35.3485,
        "71": 35.145,        "72": 34.9427,        "73": 34.729,        "74": 34.5447,        "75": 34.3254,
        "76": 33.2621,        "77": 33.8785,        "78": 34.1578,        "79": 34.1472,        "80": 34.0652,
        "81": 33.9151,        "82": 33.7391,        "83": 33.556,        "84": 33.3774,        "85": 33.1709,
        "86": 33.0004,        "87": 32.8054,        "88": 32.6274,        "89": 32.4312,        "90": 32.2653,
        "91": 32.0567,        "92": 31.8447,        "93": 31.599,        "94": 31.3879,        "95": 31.1216,
        "96": 30.8549,        "97": 30.5458,        "98": 30.2227,        "99": 29.8053,        "100": 29.2637,
        "101": 32.3439
    }
}
