{
    "qc_stats": {
        "total_bp": 9545739,
        "coverage": 26.6461,
        "read_total": 96680,
        "read_min": 15,
        "read_mean": 98.7354,
        "read_std": 3.83437,
        "read_median": 99,
        "read_max": 99,
        "read_25th": 99,
        "read_75th": 99,
        "qual_min": 16,
        "qual_mean": 34.9231,
        "qual_std": 3.88947,
        "qual_max": 40,
        "qual_median": 36,
        "qual_25th": 34,
        "qual_75th": 38
    },
    "read_lengths": {

        "15": 11,        "16": 12,        "17": 14,        "18": 4,        "19": 10,
        "20": 7,        "21": 8,        "22": 8,        "23": 2,        "24": 10,
        "25": 5,        "26": 8,        "27": 8,        "28": 19,        "29": 3,
        "30": 3,        "31": 4,        "32": 9,        "33": 6,        "34": 6,
        "35": 12,        "36": 8,        "37": 5,        "38": 5,        "39": 6,
        "40": 4,        "41": 6,        "42": 7,        "43": 7,        "44": 1,
        "45": 7,        "46": 2,        "47": 3,        "48": 7,        "49": 7,
        "50": 4,        "51": 6,        "52": 6,        "53": 12,        "54": 8,
        "55": 5,        "56": 7,        "57": 3,        "58": 2,        "59": 4,
        "60": 2,        "61": 4,        "62": 5,        "63": 3,        "64": 8,
        "65": 6,        "66": 6,        "67": 5,        "68": 4,        "69": 1,
        "70": 7,        "71": 4,        "72": 6,        "73": 13,        "74": 11,
        "75": 3,        "76": 3,        "77": 6,        "78": 7,        "79": 7,
        "80": 7,        "81": 7,        "82": 6,        "83": 3,        "84": 6,
        "85": 7,        "86": 6,        "87": 6,        "88": 7,        "89": 10,
        "90": 26,        "91": 94,        "92": 11,        "93": 55,        "94": 112,
        "95": 10,        "96": 13,        "97": 8,        "98": 5,        "99": 95869
    },
    "per_base_quality": {
        "1": 32.554,        "2": 32.5835,        "3": 36.0029,        "4": 35.9981,        "5": 35.9874,
        "6": 35.988,        "7": 35.9725,        "8": 37.6824,        "9": 37.6682,        "10": 37.652,
        "11": 37.6226,        "12": 37.5905,        "13": 38.9983,        "14": 38.982,        "15": 38.9716,
        "16": 38.9321,        "17": 38.8891,        "18": 38.9157,        "19": 38.8445,        "20": 38.7935,
        "21": 38.7558,        "22": 38.6783,        "23": 38.6485,        "24": 38.6024,        "25": 38.5139,
        "26": 38.4499,        "27": 38.3851,        "28": 38.2823,        "29": 38.2174,        "30": 38.1138,
        "31": 38.0452,        "32": 38.2327,        "33": 38.2395,        "34": 38.2227,        "35": 38.1584,
        "36": 38.1188,        "37": 38.061,        "38": 38.0227,        "39": 37.9208,        "40": 37.8524,
        "41": 37.7604,        "42": 37.7977,        "43": 37.7684,        "44": 37.7603,        "45": 37.6862,
        "46": 37.6245,        "47": 37.5073,        "48": 37.4376,        "49": 37.3394,        "50": 36.244,
        "51": 36.8874,        "52": 37.2946,        "53": 37.4159,        "54": 37.4157,        "55": 37.3219,
        "56": 37.1919,        "57": 37.0749,        "58": 36.9441,        "59": 36.7798,        "60": 36.6201,
        "61": 36.4641,        "62": 36.3217,        "63": 36.1427,        "64": 35.9728,        "65": 35.786,
        "66": 35.588,        "67": 35.3677,        "68": 35.1652,        "69": 34.9577,        "70": 34.7516,
        "71": 34.5041,        "72": 34.2765,        "73": 34.0727,        "74": 33.8344,        "75": 33.6284,
        "76": 33.3738,        "77": 33.1694,        "78": 32.9352,        "79": 32.6859,        "80": 32.456,
        "81": 32.2078,        "82": 31.9621,        "83": 31.7556,        "84": 31.5171,        "85": 31.2936,
        "86": 31.0523,        "87": 30.8371,        "88": 30.5879,        "89": 30.3288,        "90": 30.0964,
        "91": 29.7776,        "92": 29.4699,        "93": 29.1265,        "94": 28.761,        "95": 28.2678,
        "96": 27.6966,        "97": 26.5812,        "98": 24.1355,        "99": 22.4807
    }
}
